City_ID,City,Lat,Lng,Max Temp,Humidity,Cloudiness,Wind Speed,Country,Date
0,puerto natales,-51.7236,-72.4875,8.25,66,0,1.03,CL,1712849350
1,mugia,43.1041,-9.2179,23.84,73,87,1.42,ES,1712849350
2,adamstown,-25.066,-130.1015,21.44,70,93,10.76,PN,1712849350
3,buenaventura,3.8801,-77.0312,29.15,75,92,1.33,CO,1712849350
4,bossangoa,6.4926,17.4552,32.71,44,72,3.11,CF,1712849351
5,ilulissat,69.2167,-51.1,-5.99,68,100,2.06,GL,1712849351
6,port-aux-francais,-49.35,70.2167,6.1,97,97,8.0,TF,1712849351
7,vorgashor,67.5833,63.95,-12.33,82,100,11.07,RU,1712849351
8,coahuayana de hidalgo,18.7,-103.6583,27.68,40,0,1.25,MX,1712849351
9,sena madureira,-9.0656,-68.6569,32.04,54,100,1.74,BR,1712849067
10,alesund,62.4723,6.1549,9.51,93,75,12.86,NO,1712849352
11,sunnyside,46.3237,-120.0087,8.64,81,0,0.0,US,1712849352
12,bilibino,68.0546,166.4372,-23.48,100,92,0.87,RU,1712849352
13,tazovsky,67.4667,78.7,-25.98,99,6,3.1,RU,1712849352
14,shahr-e babak,30.1165,55.1186,19.58,20,0,10.34,IR,1712849352
15,iqaluit,63.7506,-68.5145,-2.15,63,100,0.0,CA,1712849352
16,fort mcmurray,56.7268,-111.381,3.77,80,40,3.6,CA,1712849352
17,edinburgh of the seven seas,-37.0676,-12.3116,17.26,87,100,3.84,SH,1712849353
18,utrik,11.2278,169.8474,26.5,75,96,9.58,MH,1712849353
19,olonkinbyen,70.9221,-8.7187,-8.46,68,100,3.93,SJ,1712849122
20,longyearbyen,78.2186,15.6401,-11.09,62,0,5.14,SJ,1712849353
21,bredasdorp,-34.5322,20.0403,17.24,55,0,7.14,ZA,1712849353
22,ust-nera,64.5667,143.2,-12.26,93,86,3.28,RU,1712849353
23,waitangi,-43.9535,-176.5597,16.01,95,15,4.47,NZ,1712849353
24,santo antonio,-6.3106,-35.4789,31.73,57,82,2.5,BR,1712849353
25,avarua,-21.2078,-159.775,28.03,83,75,5.66,CK,1712849354
26,albany,42.6001,-73.9662,11.82,83,100,2.24,US,1712849170
27,filiatra,37.15,21.5833,22.61,63,43,2.6,GR,1712849354
28,tanah rata,4.475,101.3704,18.78,87,100,1.56,MY,1712849354
29,oroville east,39.5113,-121.4752,16.63,70,0,1.54,US,1712849354
30,grytviken,-54.2811,-36.5092,1.96,78,67,5.71,GS,1712849354
31,keflavik,64.0049,-22.5624,6.95,87,100,6.69,IS,1712849355
32,hithadhoo,-0.6,73.0833,29.88,70,39,2.11,MV,1712849355
33,lihue,21.9789,-159.3672,22.58,89,20,2.06,US,1712849355
34,puerto ayora,-0.7393,-90.3518,28.98,90,37,1.34,EC,1712849348
35,sinabang,2.4803,96.3801,27.7,80,94,0.7,ID,1712849355
36,kudymkar,59.0173,54.656,8.51,86,100,7.89,RU,1712849355
37,wailua homesteads,22.0669,-159.378,22.24,91,20,2.06,US,1712849356
38,thompson,55.7435,-97.8558,1.09,75,75,5.66,CA,1712849102
39,tumaco,1.7986,-78.8156,28.39,72,44,1.15,CO,1712849356
40,new norfolk,-42.7826,147.0587,9.72,84,100,1.23,AU,1712849356
41,cadale,2.7603,46.3222,29.72,69,100,6.6,SO,1712849357
42,petropavlovsk-kamchatsky,53.0452,158.6483,-1.67,71,0,11.62,RU,1712849357
43,yazd,31.8972,54.3675,27.06,8,20,5.14,IR,1712849357
44,anadyr,64.75,177.4833,-13.72,84,81,11.0,RU,1712849357
45,garissa,-0.4536,39.6401,34.14,45,98,1.76,KE,1712849357
46,fort bragg,35.139,-79.006,21.22,89,100,7.72,US,1712849357
47,newman,37.3138,-121.0208,16.25,85,69,0.66,US,1712849358
48,fale old settlement,-9.3852,-171.2468,29.08,75,65,2.11,TK,1712849358
49,st. john's,47.5649,-52.7093,4.82,74,75,4.12,CA,1712849099
50,freetown,8.484,-13.2299,28.81,57,68,4.37,SL,1712849358
51,mount isa,-20.7333,139.5,11.87,62,0,2.57,AU,1712849358
52,west island,-12.1568,96.8225,26.99,78,40,4.63,CC,1712849359
53,udachny,66.4167,112.4,-28.08,100,89,2.13,RU,1712849359
54,blackmans bay,-43.0167,147.3167,9.07,85,100,0.45,AU,1712849359
55,sao mateus,-18.7161,-39.8589,32.27,52,42,1.13,BR,1712849320
56,ribeira grande,38.5167,-28.7,16.22,88,75,4.12,PT,1712849359
57,berezovyy,51.6667,135.7,1.99,66,0,2.18,RU,1712849359
58,yellowknife,62.456,-114.3525,-1.44,91,75,4.63,CA,1712849359
59,georgetown,5.4112,100.3354,28.97,75,20,2.06,MY,1712849282
60,nemuro,43.3236,145.575,4.17,95,100,7.22,JP,1712849360
61,port lincoln,-34.7333,135.8667,14.09,72,0,4.19,AU,1712849360
62,isafjordur,66.0755,-23.124,2.02,80,100,7.2,IS,1712849360
63,tuxpan,19.55,-103.4,23.64,43,0,1.49,MX,1712849094
64,nagqu,31.5,92.0,0.64,34,100,3.59,CN,1712849361
65,castillos,-34.1667,-53.8333,17.18,56,96,3.48,UY,1712849361
66,margaret river,-33.95,115.0667,15.43,61,1,6.17,AU,1712849361
67,sydney mines,46.2367,-60.2177,9.19,51,20,4.92,CA,1712849361
68,enewetak,11.3474,162.3373,26.96,79,70,10.19,MH,1712849361
69,queenstown,-31.8976,26.8753,13.06,43,0,5.42,ZA,1712849362
70,carnarvon,-24.8667,113.6333,22.2,63,100,12.17,AU,1712849362
71,badger,64.8,-147.5333,-1.04,78,75,3.09,US,1712849362
72,twin falls,42.3505,-114.6445,8.29,66,0,3.09,US,1712849362
73,el abadia,36.2695,1.6861,20.74,35,4,6.56,DZ,1712849362
74,iquique,-20.2208,-70.1431,23.02,71,68,3.56,CL,1712849208
75,nar'yan-mar,67.6713,53.087,1.73,100,100,7.6,RU,1712849362
76,puerto lempira,15.2667,-83.7667,30.08,70,40,2.57,HN,1712849363
77,college,64.8569,-147.8028,-1.0,72,75,3.09,US,1712849363
78,lorengau,-2.0226,147.2712,27.1,84,100,1.78,PG,1712849363
79,wangqing,43.3218,129.7634,6.21,93,45,2.06,CN,1712849363
80,ilomantsi,62.6716,30.9328,9.27,72,18,6.33,FI,1712849363
81,chateauroux,46.8167,1.7,18.0,68,40,1.54,FR,1712849363
82,qaqortoq,60.7167,-46.0333,-3.23,78,96,1.42,GL,1712849364
83,dellys,36.9172,3.9131,13.7,73,88,9.67,DZ,1712849364
84,bac lieu,9.285,105.7244,28.6,75,13,7.35,VN,1712849364
85,mount gambier,-37.8333,140.7667,11.69,66,87,1.54,AU,1712849342
86,lebu,-37.6167,-73.65,15.11,47,0,1.65,CL,1712849106
87,arkhangel'sk,64.5401,40.5433,6.06,67,75,10.0,RU,1712849151
88,sianow,54.2265,16.2913,12.15,65,100,6.53,PL,1712849364
89,primero de mayo,-32.2552,-58.4228,19.75,59,1,7.01,AR,1712849365
90,perevoz,55.5961,44.5446,15.87,76,100,6.42,RU,1712849365
91,marsabit,2.3284,37.9899,25.11,57,26,4.88,KE,1712849365
92,tazacorte,28.629,-17.9293,23.54,64,0,7.2,ES,1712849365
93,lijiang,26.8688,100.2207,9.44,45,1,2.26,CN,1712849365
94,punta arenas,-53.15,-70.9167,9.06,57,20,15.43,CL,1712849365
95,dryden,49.7833,-92.7503,7.16,76,100,2.06,CA,1712849366
96,luderitz,-26.6481,15.1594,24.75,48,1,4.9,NA,1712849366
97,saint-philippe,-21.3585,55.7679,27.77,88,85,1.77,RE,1712849366
98,kapuskasing,49.4169,-82.4331,12.0,58,75,2.06,CA,1712849342
99,daira din panah,30.5702,70.9361,31.52,15,16,2.79,PK,1712849366
100,nuku'alofa,-21.1333,-175.2,23.19,100,40,2.06,TO,1712849366
101,papatowai,-46.5619,169.4708,7.52,92,100,3.96,NZ,1712849366
102,ushuaia,-54.8,-68.3,8.81,57,0,6.17,AR,1712849340
103,severo-yeniseyskiy,60.3725,93.0408,-17.84,98,98,0.95,RU,1712849367
104,salinopolis,-0.6136,-47.3561,28.54,80,99,2.25,BR,1712849367
105,tafalla,42.5269,-1.6745,23.49,45,5,6.71,ES,1712849367
106,hawaiian paradise park,19.5933,-154.9731,21.69,98,100,2.06,US,1712849367
107,gillette,44.2911,-105.5022,6.17,47,0,1.34,US,1712849181
108,klyuchi,52.2667,79.1667,1.35,76,100,2.73,RU,1712849367
109,east london,-33.0153,27.9116,17.52,72,0,9.77,ZA,1712849368
110,victorica,-36.2151,-65.4359,11.21,54,100,6.89,AR,1712849368
111,grants,35.1473,-107.8514,5.13,36,0,1.54,US,1712849368
112,kerema,-7.9631,145.7785,26.2,89,97,2.98,PG,1712849368
113,ar rass,25.8694,43.4973,28.95,19,5,3.03,SA,1712849368
114,oistins,13.0667,-59.5333,31.05,62,20,8.23,BB,1712849368
115,namtsy,62.7161,129.6658,0.72,94,100,3.09,RU,1712849369
116,pisco,-13.7,-76.2167,24.45,78,57,3.09,PE,1712849369
117,rio grande,-32.035,-52.0986,21.06,59,100,6.82,BR,1712849369
118,concepcion,-36.827,-73.0498,14.89,77,75,4.12,CL,1712849298
119,nishinoomote,30.7333,131.0,18.72,86,100,8.08,JP,1712849369
120,bodaybo,57.8506,114.1933,-1.99,97,91,0.58,RU,1712849369
121,kuhmo,64.1333,29.5167,4.65,77,41,6.34,FI,1712849369
122,bodo,67.28,14.405,4.41,68,75,6.17,NO,1712849370
123,newtown trim,53.5561,-6.77,15.97,95,100,6.28,IE,1712849370
124,titlagarh,20.3,83.15,26.77,51,87,1.51,IN,1712849370
125,sao jose da coroa grande,-8.8978,-35.1478,29.95,66,76,4.06,BR,1712849370
126,antsiranana,-12.2787,49.2917,28.42,83,40,0.0,MG,1712849370
127,nizhniy odes,63.6445,54.856,3.61,98,100,6.23,RU,1712849370
128,slavonski brod,45.1603,18.0156,22.88,58,100,2.34,HR,1712849371
129,argo,37.6333,22.7333,21.64,39,100,6.84,GR,1712849371
130,nuriootpa,-34.4833,139.0,11.56,89,0,2.15,AU,1712849071
131,happy valley-goose bay,53.3168,-60.3315,10.17,20,20,7.72,CA,1712849259
132,aasiaat,68.7098,-52.8699,-6.07,87,100,1.96,GL,1712849371
133,iskateley,67.6803,53.1512,1.68,100,100,7.6,RU,1712849371
134,callao,-12.0667,-77.15,23.16,83,41,3.6,PE,1712849371
135,kourou,5.1552,-52.6478,31.03,81,52,3.91,GF,1712849372
136,saudarkrokur,65.7461,-19.6394,1.68,96,99,1.03,IS,1712849372
137,tobelo,1.7284,128.0095,26.65,82,37,0.74,ID,1712849372
138,karratha,-20.7377,116.8463,27.65,68,0,3.85,AU,1712849372
139,labrador city,52.9463,-66.9114,2.95,52,75,7.2,CA,1712849372
140,kingscliff,-28.2667,153.5667,19.89,77,37,3.6,AU,1712849372
141,inari,68.906,27.0288,4.42,84,99,7.09,FI,1712849372
142,auxonne,47.1926,5.3873,19.0,42,0,3.6,FR,1712849373
143,sikonge,-5.6333,32.7667,23.07,82,67,1.45,TZ,1712849373
144,ts'khinvali,42.2276,43.9686,11.68,82,100,0.83,GE,1712849373
145,puerto san jose,13.9256,-90.8244,31.03,58,0,2.06,GT,1712849373
146,whangarei,-35.7317,174.3239,19.36,95,100,4.5,NZ,1712849215
147,elkhart,41.5823,-85.8344,10.83,92,100,6.0,US,1712849151
148,daru,-9.0763,143.2092,26.84,84,92,7.12,PG,1712849373
149,hilo,19.7297,-155.09,24.04,99,100,2.06,US,1712849374
150,ampanihy,-24.7,44.75,23.48,65,100,5.07,MG,1712849374
151,atafu village,-8.5421,-172.5159,29.13,74,79,2.81,TK,1712849178
152,ballina,-28.8667,153.5667,15.43,79,74,4.86,AU,1712849374
153,hasaki,35.7333,140.8333,14.05,68,100,3.56,JP,1712849374
154,kruisfontein,-34.0033,24.7314,17.16,57,51,4.67,ZA,1712849374
155,sferracavallo,42.726,12.0956,22.14,65,100,3.96,IT,1712849375
156,nova vicosa,-17.8919,-39.3719,28.94,69,26,4.32,BR,1712849115
157,lusaka,-15.4067,28.2871,20.96,86,97,2.04,ZM,1712849375
158,mathba,22.2855,89.9629,30.66,34,100,1.5,BD,1712849375
159,camana,-16.6228,-72.7111,22.11,82,100,3.32,PE,1712849375
160,novyy urengoy,66.0833,76.6333,-22.58,96,19,3.94,RU,1712849279
161,susuman,62.7833,148.1667,-18.55,100,99,0.72,RU,1712849375
162,kone,-21.0595,164.8658,22.73,92,98,1.33,NC,1712849375
163,auki,-8.7676,160.7034,24.96,91,100,1.65,SB,1712849376
164,stanley,54.868,-1.6985,14.84,76,40,6.69,GB,1712849083
165,ulladulla,-35.35,150.4667,8.76,80,59,2.14,AU,1712849376
166,solleftea,63.1667,17.2667,5.92,99,100,1.25,SE,1712849376
167,lienz,46.8289,12.769,19.73,76,60,1.57,AT,1712849376
168,xiva,41.3783,60.3639,19.99,26,100,5.25,UZ,1712849377
169,chemolgan,43.1897,76.5292,12.81,64,100,2.84,KZ,1712849377
170,tosontsengel,48.7567,98.2839,2.55,72,100,1.11,MN,1712849377
171,quellon,-43.1167,-73.6167,11.43,63,0,1.84,CL,1712849377
172,puerto baquerizo moreno,-0.9,-89.6,26.55,83,40,2.06,EC,1712849328
173,canyon,34.9803,-101.9188,11.96,53,4,4.02,US,1712849204
174,nikolayevsk-on-amure,53.1406,140.73,0.12,96,85,1.79,RU,1712849378
175,praia da vitoria,38.7333,-27.0667,20.14,77,75,4.53,PT,1712849378
176,vilyuchinsk,52.9306,158.4028,-0.85,83,9,4.55,RU,1712849378
177,kill devil hills,36.0307,-75.676,20.0,90,100,6.17,US,1712849173
178,vilyuysk,63.7553,121.6247,-13.33,88,100,4.02,RU,1712849378
179,flying fish cove,-10.4217,105.6791,26.82,83,40,4.63,CX,1712849378
180,panino,51.6467,40.1346,23.09,47,99,3.09,RU,1712849379
181,alpharetta,34.0754,-84.2941,20.82,95,90,1.34,US,1712849260
182,es castell,39.8795,4.2854,17.38,59,20,12.86,ES,1712849379
183,khorinsk,52.1657,109.7726,2.5,77,65,1.5,RU,1712849379
184,yemva,62.59,50.8594,5.47,83,95,5.77,RU,1712849379
185,bella union,-30.2752,-57.6007,18.46,75,99,5.76,UY,1712849166
186,bardai,11.65,7.2333,39.58,5,41,6.39,NG,1712849379
187,chonchi,-42.6128,-73.8092,13.56,56,0,1.08,CL,1712849380
188,rikaze,29.25,88.8833,6.22,17,70,5.77,CN,1712849380
189,timimoun,29.2639,0.231,28.21,15,0,4.12,DZ,1712849380
190,bengkulu,-3.8004,102.2655,26.33,90,100,2.82,ID,1712849380
191,ryotsu-minato,38.0833,138.4333,11.39,61,100,0.67,JP,1712849380
192,khategaon,22.6,76.9167,28.95,42,100,6.75,IN,1712849380
193,vila franca do campo,37.7167,-25.4333,18.27,99,15,3.63,PT,1712849381
194,nova sintra,14.8667,-24.7167,22.62,74,8,5.23,CV,1712849381
195,guixi,28.2886,117.2133,19.14,93,100,0.42,CN,1712849381
196,tiksi,71.6872,128.8694,-27.43,93,29,8.53,RU,1712849381
197,akureyri,65.6835,-18.0878,2.96,70,100,4.63,IS,1712849381
198,rabaul,-4.1967,152.1721,26.43,85,100,2.41,PG,1712849381
199,vila velha,-20.3297,-40.2925,30.97,75,40,3.09,BR,1712849196
200,oriximina,-1.7656,-55.8661,29.5,76,60,1.22,BR,1712849382
201,pyapon,16.2833,95.6833,30.86,51,1,4.13,MM,1712849382
202,dupnitsa,42.2667,23.1167,25.5,28,0,5.21,BG,1712849382
203,viedma,-40.8135,-62.9967,15.1,40,100,1.38,AR,1712849258
204,tchintabaraden,15.8969,5.7985,40.08,7,100,1.14,NE,1712849382
205,cabo san lucas,22.8909,-109.9124,21.95,58,20,2.06,MX,1712849166
206,general conesa,-40.1,-64.4333,15.4,40,94,3.3,AR,1712849383
207,invercargill,-46.4,168.35,7.79,87,100,1.34,NZ,1712849383
208,dudinka,69.4058,86.1778,-25.18,98,45,2.24,RU,1712849383
209,bonthe,7.5264,-12.505,30.17,65,87,5.54,SL,1712849383
210,velikiye luki,56.34,30.5452,13.79,42,16,4.52,RU,1712849383
211,ndjole,-0.1783,10.7649,30.38,81,100,1.6,GA,1712849383
212,zeya,53.75,127.2667,0.27,79,11,1.84,RU,1712849383
213,bethel,41.3712,-73.414,12.33,88,100,3.09,US,1712849205
214,kununurra,-15.7667,128.7333,18.99,88,4,0.0,AU,1712849384
215,mahdia,35.5047,11.0622,18.97,52,85,6.44,TN,1712849384
216,hammerfest,70.6634,23.6821,1.25,93,75,8.23,NO,1712849384
217,la passe,45.5549,-0.8967,18.13,76,95,3.31,FR,1712849384
218,saint-joseph,-21.3667,55.6167,27.21,86,90,1.62,RE,1712849385
219,tura,25.5198,90.2201,25.79,31,100,1.64,IN,1712849385
220,manggar,-2.8833,108.2667,27.63,82,97,1.45,ID,1712849199
221,howard springs,-12.497,131.047,25.95,86,30,1.75,AU,1712849385
222,ortaca,36.8294,28.7708,20.89,73,75,2.57,TR,1712849385
223,malanje,-9.5402,16.341,24.74,83,96,2.1,AO,1712849385
224,gaspe,48.8334,-64.4819,6.12,70,100,4.12,CA,1712849386
225,usinsk,65.9939,57.5281,-0.52,98,100,13.86,RU,1712849386
226,quthing,-30.4,27.7003,17.75,20,0,3.2,LS,1712849386
227,lukolela,-1.0605,17.1821,31.14,56,99,2.29,CD,1712849386
228,zhumysker,49.3333,49.4,18.47,42,39,2.99,KZ,1712849387
229,coquimbo,-29.9533,-71.3436,13.85,100,100,2.06,CL,1712849174
230,barah,13.7,30.3667,35.77,6,7,6.35,SD,1712849387
231,port macquarie,-31.4333,152.9167,14.94,92,25,4.52,AU,1712849387
232,weno,7.4515,151.8468,26.97,89,100,2.06,FM,1712849388
233,thunder bay,48.4001,-89.3168,9.99,66,20,1.03,CA,1712849214
234,binbrook,43.121,-79.804,9.38,95,100,7.2,CA,1712849388
235,petawawa,45.9001,-77.3328,11.55,64,100,1.03,CA,1712849388
236,bubaque,11.2833,-15.8333,25.01,66,0,5.67,GW,1712849388
237,archangelos,36.2149,28.1149,20.99,57,0,2.02,GR,1712849388
238,minas de marcona,-15.2119,-75.1103,22.31,60,8,3.55,PE,1712849389
239,constantia,44.1833,28.65,22.61,64,1,2.4,RO,1712849294
240,angra do heroismo,38.65,-27.2167,20.34,99,75,2.68,PT,1712849389
241,viqueque,-8.8673,126.3658,24.15,88,40,1.15,TL,1712849389
242,sovetskaya gavan',48.9723,140.2878,8.95,59,17,2.72,RU,1712849389
243,kurchatov,51.6601,35.6521,24.23,52,100,3.01,RU,1712849389
244,antonio enes,-16.2325,39.9086,28.22,79,99,4.66,MZ,1712849390
245,guerrero negro,27.9769,-114.0611,17.44,69,62,2.19,MX,1712849390
246,plymouth,41.8334,-70.8328,11.95,95,100,1.54,US,1712849390
247,pudasjarvi,65.3833,26.9167,3.05,84,5,6.05,FI,1712849390
248,posto fiscal rolim de moura,-13.0833,-62.2667,31.47,64,95,0.25,BR,1712849390
249,kharp,66.8014,65.8081,-10.16,96,100,5.58,RU,1712849390
250,barcelos,41.5388,-8.6151,29.95,48,95,1.22,PT,1712849304
251,richards bay,-28.783,32.0377,20.71,57,6,6.57,ZA,1712849391
252,usogorsk,63.4106,48.6872,4.81,100,100,7.18,RU,1712849391
253,piedras negras,28.7,-100.5167,21.26,42,0,0.0,MX,1712849371
254,trincomalee,8.5711,81.2335,29.66,75,77,6.67,LK,1712849391
255,maues,-3.3836,-57.7186,29.6,81,50,1.29,BR,1712849391
256,mayna,54.1135,47.6231,16.21,70,89,5.91,RU,1712849391
257,harper,4.375,-7.7169,29.46,71,100,3.5,LR,1712849392
258,mount pearl,47.5166,-52.7813,4.36,74,75,4.12,CA,1712849392
259,zomba,-15.386,35.3188,22.94,94,100,2.38,MW,1712849392
260,igarka,67.4667,86.5833,-24.43,97,21,2.68,RU,1712849392
261,soe,-9.8607,124.284,17.42,90,17,1.82,ID,1712849392
262,mutuali,-14.8706,37.0044,24.2,88,79,1.12,MZ,1712849392
263,jamestown,42.097,-79.2353,16.8,88,100,8.23,US,1712849392
264,noosa heads,-26.3833,153.15,18.95,66,32,7.7,AU,1712849393
265,parambu,-6.2111,-40.6944,27.63,69,100,1.3,BR,1712849393
266,mil'kovo,55.6078,37.7956,16.9,40,79,4.98,RU,1712849393
267,fastiv,50.0767,29.9177,17.56,55,100,4.67,UA,1712849393
268,alghero,40.5589,8.3181,19.05,55,20,8.75,IT,1712849393
269,port alberni,49.2413,-124.8028,8.91,94,100,0.45,CA,1712849393
270,kigoma,-4.8769,29.6267,26.53,73,89,2.59,TZ,1712849393
271,medicine hat,50.0501,-110.6683,9.29,51,40,1.03,CA,1712849219
272,uturoa,-16.7333,-151.4333,28.7,78,56,7.86,PF,1712849394
273,pindushi,62.9152,34.58,5.81,74,25,6.67,RU,1712849394
274,inverell,-29.7833,151.1167,12.87,89,0,1.34,AU,1712849394
275,sheridan,44.8333,-106.9173,9.06,68,0,0.45,US,1712849394
276,saint-louis du nord,19.9333,-72.7167,26.46,70,6,7.27,HT,1712849394
277,nuuk,64.1835,-51.7216,-1.66,80,100,1.54,GL,1712849100
278,trinidad,-14.8333,-64.9,29.99,74,75,4.12,BO,1712849395
279,kapit,2.0167,112.9333,24.17,95,98,0.47,MY,1712849395
280,santa ana de yacuma,-13.75,-65.4333,29.97,74,75,5.14,BO,1712849395
281,saynshand,44.8824,110.1163,14.05,26,69,3.34,MN,1712849395
282,gebeit,21.0667,36.3167,28.22,22,3,6.1,SD,1712849395
283,esil,51.9556,66.4042,3.62,67,55,2.11,KZ,1712849396
284,talnakh,69.4865,88.3972,-25.44,99,83,1.29,RU,1712849396
285,wytheville,36.9484,-81.0848,16.38,94,100,1.34,US,1712849396
286,vicente guerrero,19.1194,-98.1708,18.03,45,0,2.0,MX,1712849396
287,westerland,54.9079,8.3033,12.79,87,20,8.23,DE,1712849396
288,yanbu,24.0891,38.0637,30.02,20,0,8.23,SA,1712849396
289,kelo,9.3086,15.8066,42.2,14,53,1.23,TD,1712849397
290,rundu,-17.9333,19.7667,28.02,44,100,2.25,NA,1712849397
291,port mathurin,-19.6833,63.4167,26.05,89,75,1.03,MU,1712849397
292,tarazona,41.9,-1.7333,22.9,43,6,6.76,ES,1712849397
293,les anglais,18.3054,-74.2197,28.89,63,0,2.74,HT,1712849397
294,abatskoye,56.2875,70.4555,-1.02,88,25,2.27,RU,1712849397
295,vernon,50.2581,-119.2691,7.56,66,100,2.57,CA,1712849259
296,salekhard,66.53,66.6019,-9.78,86,100,6.26,RU,1712849398
297,rockland,41.1668,-74.0496,12.35,93,100,3.34,US,1712849399
298,prineville,44.2999,-120.8345,9.79,71,0,0.0,US,1712849399
299,bargaal,11.2864,51.0773,28.57,71,1,2.89,SO,1712849399
300,xique xique,-10.8217,-42.7311,31.05,56,47,1.07,BR,1712849399
301,n'zeto,-7.2312,12.8666,28.47,75,100,5.25,AO,1712849399
302,port alfred,-33.5906,26.891,15.66,88,92,0.89,ZA,1712849399
303,sterling,39.0062,-77.4286,21.21,74,100,6.69,US,1712849143
304,remire-montjoly,4.9167,-52.2667,31.02,70,75,6.17,GF,1712849294
305,yelizovo,53.1873,158.3805,-0.92,70,0,5.0,RU,1712849400
306,vyksa,55.3175,42.1744,13.98,65,100,3.12,RU,1712849400
307,mocimboa,-11.3167,40.35,27.73,85,100,2.42,MZ,1712849400
308,debre birhan,9.6833,39.5333,17.35,48,27,3.1,ET,1712849400
309,lamu,-2.2717,40.902,29.47,77,33,4.37,KE,1712849400
310,plastun,44.7561,136.2939,6.35,79,86,0.48,RU,1712849400
311,qamdo,31.1667,97.2333,0.64,48,88,1.71,CN,1712849400
312,krasnyy chikoy,50.3643,108.7512,4.24,73,99,1.12,RU,1712849401
313,yeppoon,-23.1333,150.7333,16.88,80,10,3.91,AU,1712849401
314,ouddorp,51.8117,3.9347,14.95,79,100,6.23,NL,1712849404
315,shingu,33.7333,135.9833,12.12,91,82,3.21,JP,1712849404
316,hermanus,-34.4187,19.2345,18.78,62,4,9.1,ZA,1712849405
317,codrington,-38.2667,141.9667,14.04,59,100,2.38,AU,1712849405
318,esmeraldas,-19.7625,-44.3139,29.85,59,69,0.88,BR,1712849406
319,tres lagoas,-20.7511,-51.6783,32.44,49,67,2.77,BR,1712849406
320,crane,31.3974,-102.3501,20.07,24,0,3.44,US,1712849407
321,menongue,-14.6585,17.691,23.44,76,93,1.79,AO,1712849407
322,montepuez,-13.1256,38.9997,22.7,92,94,0.99,MZ,1712849407
323,chistopol',55.3631,50.6424,11.92,75,100,7.45,RU,1712849408
324,neka,36.6508,53.299,12.73,100,100,7.2,IR,1712849409
325,port moresby,-9.4431,147.1797,26.68,78,20,5.14,PG,1712849206
326,ginir,7.1333,40.7,20.77,70,17,2.48,ET,1712849363
327,mont belvieu,29.8477,-94.8908,22.14,60,0,5.87,US,1712849409
328,guane,22.2025,-84.0875,31.83,51,73,6.23,CU,1712849410
329,deniliquin,-35.5333,144.9667,11.28,74,0,2.72,AU,1712849410
330,dededo village,13.5178,144.8391,26.9,84,40,6.17,GU,1712849410
331,lagoa,39.05,-27.9833,15.6,90,100,3.71,PT,1712849410
332,muisne,0.6,-80.0333,29.21,66,8,2.21,EC,1712849411
333,kristiansund,63.1115,7.732,9.03,93,100,8.75,NO,1712849411
334,olinda,-8.0089,-34.8553,30.85,66,20,3.6,BR,1712849357
335,putina,-15.4667,-69.4333,7.35,83,86,3.83,PE,1712849411
336,colonia,50.9333,6.95,17.64,63,40,1.54,DE,1712849333
337,meru,0.0463,37.6559,18.61,91,94,0.76,KE,1712849412
338,wau,7.7029,27.9953,36.3,10,25,2.08,SS,1712849412
339,springbok,-29.6643,17.8865,23.57,24,0,7.46,ZA,1712849412
340,ganganagar,29.9167,73.8833,29.55,11,75,2.24,IN,1712849412
341,anna regina,7.2644,-58.5077,28.35,77,18,5.08,GY,1712849412
342,northam,51.0333,-4.2167,13.67,96,99,4.94,GB,1712849412
343,jinka,5.65,36.65,21.84,74,53,0.52,ET,1712849413
344,arica,-18.475,-70.3042,24.75,57,0,3.6,CL,1712849243
345,przysucha,51.3586,20.6289,18.51,49,2,2.86,PL,1712849413
346,huron,41.1501,-82.5499,17.49,93,100,5.84,US,1712849413
347,yatou,37.15,122.3833,9.07,80,37,3.06,CN,1712849413
348,boa vista,2.8197,-60.6733,30.99,58,40,8.75,BR,1712849388
349,kidal,18.4411,1.4078,39.98,6,100,0.91,ML,1712849414
350,san patricio,28.017,-97.5169,23.92,29,0,5.15,US,1712849414
351,guanare,9.0418,-69.7421,33.78,33,8,2.74,VE,1712849144
352,gunnedah,-30.9833,150.25,12.87,75,0,2.67,AU,1712849414
353,jiayuguan,39.8167,98.3,14.28,22,2,1.86,CN,1712849414
354,caleta de carquin,-11.0925,-77.6267,24.17,74,81,3.91,PE,1712849414
355,kargasok,59.0556,80.8572,-7.8,60,95,3.58,RU,1712849415
356,kavaratti,10.5669,72.642,29.38,71,0,4.48,IN,1712849415
357,marica,-22.9194,-42.8186,28.97,74,1,3.2,BR,1712849415
358,mili,6.0815,171.735,27.07,85,99,7.67,MH,1712849415
359,lospalos,-8.5186,127.0025,21.39,90,100,0.92,TL,1712849415
360,puerto armuelles,8.2833,-82.8667,29.99,71,100,1.34,PA,1712849416
361,hawick,55.4227,-2.7867,15.88,84,100,7.65,GB,1712849384
362,whitehorse,60.7161,-135.0538,-2.72,79,20,1.03,CA,1712849220
363,new london,41.4834,-72.0662,12.49,95,100,4.63,US,1712849416
364,newnham,-41.3833,147.1333,9.53,87,75,2.57,AU,1712849416
365,bloomfield,40.8068,-74.1854,13.32,85,100,4.63,US,1712849271
366,pil'na,55.5539,45.9219,15.79,80,100,5.61,RU,1712849417
367,puerto madryn,-42.7692,-65.0385,14.69,44,77,6.11,AR,1712849268
368,eyl,7.9803,49.8164,28.49,78,4,4.93,SO,1712849417
369,port elizabeth,-33.918,25.5701,18.39,71,20,6.69,ZA,1712849418
370,machado,-21.6747,-45.9197,27.57,59,94,1.37,BR,1712849418
371,lompoc,34.6391,-120.4579,16.58,97,0,2.57,US,1712849418
372,bay roberts,47.5999,-53.2648,5.03,77,11,2.24,CA,1712849418
373,umba,66.6871,34.3429,3.0,89,100,10.08,RU,1712849419
374,hami,42.8,93.45,16.97,27,4,1.81,CN,1712849419
375,arraial do cabo,-22.9661,-42.0278,29.98,74,40,3.6,BR,1712849419
376,baruun-urt,46.6806,113.2792,9.91,39,69,3.74,MN,1712849419
377,gadzhiyevo,69.2551,33.3362,1.86,99,100,7.87,RU,1712849420
378,baijiantan,45.6333,85.1833,15.38,52,100,3.63,CN,1712849420
379,changji,44.0167,87.3167,16.44,41,0,0.0,CN,1712849420
380,zastron,-30.3023,27.084,11.53,32,0,5.61,ZA,1712849420
381,selkirk,50.1436,-96.8845,8.42,81,97,2.24,CA,1712849231
382,okakarara,-20.5833,17.4333,27.82,25,59,2.43,NA,1712849421
383,obsharovka,53.125,48.8531,14.05,70,85,3.42,RU,1712849421
384,punta del este,-34.9667,-54.95,18.06,64,75,4.12,UY,1712849401
385,jolo,6.05,121.0167,26.18,84,59,0.94,PH,1712849421
386,alice springs,-23.7,133.8833,9.75,71,2,2.57,AU,1712849422
387,kirakira,-10.4544,161.9205,25.61,87,60,1.67,SB,1712849422
388,barranca,-10.75,-77.7667,24.11,71,85,3.72,PE,1712849422
389,luwuk,-0.9516,122.7875,21.76,86,100,1.97,ID,1712849423
390,torres,-29.3353,-49.7269,23.79,94,100,3.69,BR,1712849423
391,sitka,57.0531,-135.33,0.94,80,20,2.57,US,1712849423
392,pathein,16.7833,94.7333,27.58,75,2,4.58,MM,1712849423
393,laojunmiao,39.8333,97.7333,10.87,23,10,1.26,CN,1712849423
394,kilju,40.9642,129.3278,9.7,74,10,1.13,KP,1712849424
395,secunderabad,17.5043,78.5426,30.79,40,75,2.57,IN,1712849424
396,namibe,-15.1961,12.1522,24.04,70,17,5.7,AO,1712849424
397,cidreira,-30.1811,-50.2056,20.34,87,100,8.9,BR,1712849424
398,geraldton,-28.7667,114.6,21.23,52,84,4.63,AU,1712849424
399,touros,-5.1989,-35.4608,30.16,69,66,3.45,BR,1712849425
400,rongelap,11.1635,166.8941,26.8,78,100,9.08,MH,1712849425
401,galliano,29.4422,-90.2992,19.0,68,100,7.72,US,1712849425
402,kajiado,-1.8524,36.7768,20.05,73,62,4.52,KE,1712849425
403,gargalianoi,37.0667,21.6333,21.31,65,14,1.67,GR,1712849425
404,ulsteinvik,62.3432,5.8487,9.5,93,100,11.18,NO,1712849426
405,jiran,24.3167,74.8833,27.79,37,93,0.24,IN,1712849426
406,shimoda,34.6667,138.95,13.39,82,100,4.84,JP,1712849426
407,akwatia,6.0402,-0.8088,31.76,59,100,1.26,GH,1712849426
408,isangel,-19.55,169.2667,25.65,88,50,1.2,VU,1712849427
409,hobyo,5.3505,48.5268,29.39,70,91,4.91,SO,1712849427
410,nouadhibou,20.931,-17.0347,25.99,57,0,5.14,MR,1712849427
411,tual,-5.6667,132.75,28.62,65,71,1.45,ID,1712849207
412,chorhat,24.4333,81.6833,29.37,33,6,6.13,IN,1712849428
413,rancho palos verdes,33.7445,-118.387,21.06,78,100,1.54,US,1712849318
414,kharsia,21.9667,83.1167,26.7,43,12,2.05,IN,1712849428
415,kili,5.6439,169.1211,27.4,84,100,7.42,MH,1712849428
416,port-cartier,50.0334,-66.8654,2.64,83,100,3.55,CA,1712849162
417,island harbour,50.724,-1.2758,17.33,90,99,3.58,GB,1712849429
418,kapa'a,22.0752,-159.319,22.99,91,20,2.06,US,1712849337
419,harrodsburg,37.7623,-84.8433,17.2,93,100,3.39,US,1712849429
420,yugorsk,61.3133,63.3319,-1.73,75,100,7.05,RU,1712849429
421,port hueneme,34.1478,-119.1951,20.65,94,100,2.06,US,1712849430
422,guasave,25.5667,-108.45,25.78,25,72,1.37,MX,1712849430
423,fort st. john,56.2499,-120.8529,1.94,75,75,2.57,CA,1712849430
424,childress,34.4264,-100.204,13.14,38,0,9.26,US,1712849189
425,bandarbeyla,9.4942,50.8122,28.26,80,4,3.4,SO,1712849431
426,vel'sk,61.0701,42.0983,9.59,82,30,5.36,RU,1712849431
427,cao bang,22.6667,106.25,23.4,97,67,1.45,VN,1712849431
428,labasa,-16.4167,179.3833,24.44,94,68,1.96,FJ,1712849431
429,dunedin,-45.8742,170.5036,8.22,99,100,3.13,NZ,1712849431
430,muromtsevo,56.3724,75.2418,-4.48,84,75,2.2,RU,1712849432
431,grandola,38.1772,-8.5668,25.89,44,69,4.93,PT,1712849432
432,maumere,-8.6199,122.2111,25.72,79,79,2.35,ID,1712849432
433,prince rupert,54.3161,-130.3201,4.83,88,100,8.75,CA,1712849432
434,kodiak,57.79,-152.4072,-1.27,80,100,0.0,US,1712849433
435,hamilton,39.1834,-84.5333,16.78,96,100,6.17,US,1712849302
436,holualoa,19.6228,-155.9522,21.91,87,0,5.66,US,1712849354
437,cruz del eje,-30.7264,-64.8039,18.95,60,100,3.76,AR,1712849433
438,saint-francois,46.4154,3.9054,19.26,42,0,1.54,FR,1712849434
439,narasapur,16.45,81.6667,27.21,77,3,4.19,IN,1712849377
440,yuli,9.6989,10.2744,40.99,4,18,3.51,NG,1712849434
441,kokopo,-4.352,152.2633,25.13,89,100,1.88,PG,1712849434
442,alofi,-19.0595,-169.9187,21.94,94,19,0.51,NU,1712849434
443,lucapa,-8.4192,20.7447,25.24,78,100,0.5,AO,1712849434
444,san antonio de pale,-1.4014,5.6325,26.32,81,100,4.87,GQ,1712849434
445,nelson bay,-32.7167,152.15,18.33,94,28,3.13,AU,1712849435
446,namdrik,5.5994,168.1028,27.48,83,99,7.84,MH,1712849435
447,dahab,28.501,34.5134,25.98,36,0,4.69,EG,1712849435
448,rio gallegos,-51.6226,-69.2181,8.03,61,0,7.2,AR,1712849435
449,afaahiti,-17.75,-149.2833,25.93,82,55,7.98,PF,1712849435
450,fuglafjordur,62.244,-6.814,9.26,85,55,10.79,FO,1712849435
451,nantucket,41.2835,-70.0995,10.08,99,100,5.14,US,1712849354
452,laguna,38.421,-121.4238,18.32,78,0,0.45,US,1712849329
453,tianpeng,30.9866,103.9393,22.26,67,100,0.72,CN,1712849436
454,kolonia,50.9333,6.95,17.64,63,40,1.54,DE,1712849333
455,volchikha,52.0333,80.3833,2.21,92,100,1.34,RU,1712849436
456,east ballina,-28.8667,153.5833,15.44,83,77,4.76,AU,1712849436
457,serowe,-22.3833,26.7167,22.45,40,75,4.79,BW,1712849437
458,lazaro cardenas,17.9583,-102.2,26.18,63,0,1.62,MX,1712849200
459,sinop,41.7711,34.8709,11.89,93,97,2.02,TR,1712849437
460,vorkuta,67.5,64.0,-12.16,82,100,4.92,RU,1712849437
461,smithers,54.7804,-127.1743,0.18,100,100,1.03,CA,1712849437
462,mullsjo,63.7,19.7,3.94,96,100,2.07,SE,1712849438
463,christchurch,-43.5333,172.6333,12.17,94,100,7.72,NZ,1712849358
464,korla,41.7597,86.1469,19.5,20,54,3.11,CN,1712849438
465,alo,7.4178,6.7371,36.9,32,72,2.11,NG,1712849438
466,bridgewater,44.3835,-64.5155,5.79,81,100,5.14,CA,1712849438
467,myrina,39.8797,25.0742,20.58,43,0,5.14,GR,1712849438
468,raduzhny,62.0961,77.475,-21.77,96,31,1.68,RU,1712849439
469,lushun,38.8,121.2667,13.12,75,0,5.07,CN,1712849439
470,lata,40.1629,-8.3327,27.82,46,87,3.15,PT,1712849439
471,banapur,19.7833,85.1833,29.64,48,78,2.11,IN,1712849439
472,cronulla,-34.05,151.15,16.26,85,9,4.12,AU,1712849439
473,sarajevo,43.8486,18.3564,19.95,52,0,4.63,BA,1712849259
474,naama,33.2667,-0.3167,19.63,19,1,9.55,DZ,1712849440
475,hotan,37.0997,79.9269,19.79,11,90,3.4,CN,1712849440
476,balakhta,55.38,91.6,-1.35,85,100,3.41,RU,1712849440
477,teluknaga,-6.0989,106.6381,29.02,79,40,1.54,ID,1712849440
478,cabedelo,-6.9811,-34.8339,31.37,74,100,4.25,BR,1712849440
479,moyale,3.5167,39.0584,24.11,71,48,2.24,KE,1712849441
480,ugoofaaru,5.6667,73.0,29.84,74,27,4.25,MV,1712849441
481,san jose del guaviare,2.5729,-72.6459,34.36,45,16,1.69,CO,1712849441
482,puerto aysen,-45.4,-72.7,13.05,60,1,1.78,CL,1712849441
483,bochum,51.4833,7.2167,15.92,77,100,0.45,DE,1712849387
484,santa cruz,-17.8,-63.1667,23.7,94,100,6.17,BO,1712849260
485,qujing,25.4833,103.7833,16.85,37,0,2.29,CN,1712849442
486,sundsvall,62.3913,17.3063,4.98,87,100,2.06,SE,1712849427
487,praya,14.9215,-23.5087,26.3,53,20,5.14,CV,1712849442
488,pointe-noire,-4.7761,11.8635,31.04,70,20,6.17,CG,1712849443
489,glace bay,46.1969,-59.957,8.97,55,20,4.47,CA,1712849443
490,machico,32.7,-16.7667,26.18,49,0,4.63,PT,1712849443
491,salinas,36.6777,-121.6555,20.38,82,0,1.54,US,1712849443
492,moengo,5.6167,-54.4,32.88,48,96,3.0,SR,1712849443
493,xinyuan,37.3,99.0,2.59,18,46,1.76,CN,1712849444
494,katabu,-4.9333,122.5167,24.09,96,100,0.74,ID,1712849444
495,madagali,10.8902,13.6312,39.05,7,68,4.59,NG,1712849444
496,charles city,43.0664,-92.6724,11.95,89,75,8.75,US,1712849444
497,mermoz boabab,14.7065,-17.4758,34.31,69,0,5.14,SN,1712849444
498,naze,28.3667,129.4833,18.51,84,29,2.06,JP,1712849388
499,morondava,-20.2833,44.2833,27.58,78,100,7.21,MG,1712849445
500,mahajanga,-15.7167,46.3167,30.01,74,20,2.57,MG,1712849445
501,oppdal,62.5943,9.6912,5.85,92,100,4.74,NO,1712849445
502,mitu,1.1983,-70.1733,32.81,54,97,0.76,CO,1712849445
503,lanzhou,36.0564,103.7922,16.56,23,15,1.39,CN,1712849446
504,urengoy,65.9667,78.3667,-23.88,99,16,3.35,RU,1712849446
505,ishigaki,24.3448,124.1572,24.07,88,75,2.57,JP,1712849446
506,eagan,44.8041,-93.1669,12.99,65,40,5.66,US,1712849327
507,kimbe,-5.5502,150.1429,24.57,91,100,1.2,PG,1712849447
508,i-n-salah,27.1935,2.4607,30.8,10,0,8.18,DZ,1712849447
509,terrigal,-33.45,151.45,16.13,87,6,4.14,AU,1712849447
510,tarko-sale,64.9225,77.785,-22.37,94,34,4.27,RU,1712849447
511,takelsa,36.7833,10.6333,16.41,61,41,6.51,TN,1712849448
512,pangody,65.85,74.4859,-18.92,88,67,6.46,RU,1712849448
513,ghat,24.9647,10.1728,35.97,7,0,6.18,LY,1712849448
514,aripuana,-9.1667,-60.6333,29.56,80,86,0.73,BR,1712849448
515,saipan,15.1355,145.701,27.39,78,40,7.2,MP,1712849449
516,hadibu,12.65,54.0333,28.74,74,3,0.77,YE,1712849449
517,sarina,-21.4333,149.2167,18.12,1,5,2.29,AU,1712849449
518,t'ongch'on-up,38.9539,127.8917,11.46,80,0,3.92,KP,1712849449
519,khandyga,62.6667,135.6,-1.29,86,100,3.15,RU,1712849449
520,vodnyy,63.5046,53.4095,4.12,90,100,6.17,RU,1712849450
521,ibradi,37.0969,31.5992,17.27,50,63,0.8,TR,1712849236
522,goundam,16.4145,-3.6708,42.25,7,56,4.14,ML,1712849450
523,peterborough,52.5736,-0.2478,19.06,68,40,7.2,GB,1712849450
524,polyarnyy,69.1989,33.4478,1.62,99,100,8.0,RU,1712849450
525,montevallo,33.1007,-86.8642,20.19,87,75,5.66,US,1712849314
526,tralee,52.2704,-9.7026,14.14,94,75,6.17,IE,1712849451
527,zag,46.9441,99.165,2.19,50,42,3.51,MN,1712849451
528,toyooka,35.5333,134.8333,11.63,87,96,2.52,JP,1712849451
529,brugnera,45.9044,12.5264,25.67,43,0,1.03,IT,1712849451
530,tolanaro,-25.0319,46.9987,25.04,78,40,4.12,MG,1712849452
531,mossel bay,-34.1831,22.146,17.96,68,0,3.51,ZA,1712849452
532,tangalle,6.024,80.7911,27.09,84,79,3.33,LK,1712849452
533,camarinas,43.1311,-9.1817,23.29,72,90,1.11,ES,1712849452
534,bayanhongor,46.7167,100.1167,0.67,43,45,2.79,MN,1712849453
535,taoudenni,22.6783,-3.9836,38.54,8,0,8.52,ML,1712849453
536,vangaindrano,-23.35,47.6,24.4,86,96,4.8,MG,1712849453
537,labytnangi,66.6572,66.4183,-9.79,86,100,7.53,RU,1712849453
538,novodvinsk,64.4165,40.8122,5.86,97,100,8.35,RU,1712849453
539,whakatane,-37.9585,176.9854,20.84,94,99,5.36,NZ,1712849454
540,port saint john's,-31.6229,29.5448,18.44,61,6,8.47,ZA,1712849454
541,moron,-34.6534,-58.6198,19.41,68,23,6.71,AR,1712849201
542,saint-valery-en-caux,49.8667,0.7333,15.98,90,100,3.39,FR,1712849454
543,el granada,37.5027,-122.4694,17.46,84,20,0.89,US,1712849455
544,gorontalo,0.5412,123.0595,23.02,89,74,1.41,ID,1712849455
545,norfolk,42.1668,-71.2495,10.61,93,100,3.09,US,1712849208
546,ketchikan,55.3422,-131.6461,4.26,87,100,2.57,US,1712849455
547,minzhu,43.7286,127.3447,9.31,81,76,2.37,CN,1712849455
548,portland,45.5234,-122.6762,9.5,89,75,2.06,US,1712849265
549,aleksandrovsk-sakhalinskiy,50.8975,142.1561,3.09,89,84,8.17,RU,1712849456
550,kailua-kona,19.6406,-155.9956,23.98,86,0,5.66,US,1712849323
551,saldanha,-33.0117,17.9442,27.03,62,0,6.78,ZA,1712849456
552,vidyayevo,69.3191,32.8049,1.27,99,100,7.51,RU,1712849456
553,chulym,55.0997,80.9572,-3.94,82,100,4.73,RU,1712849456
554,mountain home,43.133,-115.6912,9.52,55,0,5.14,US,1712849265
555,mar del plata,-38.0023,-57.5575,14.41,61,75,3.13,AR,1712848887
556,holmestrand,59.4876,10.3176,18.37,52,1,4.34,NO,1712849457
557,garachico,28.7781,-17.7646,22.06,64,0,7.2,ES,1712849457
558,forster,-32.1667,152.5167,12.38,100,66,3.52,AU,1712849457
559,egilsstadir,65.2653,-14.3948,2.95,75,75,6.69,IS,1712849457
560,spring creek,40.7266,-115.5859,6.83,37,4,0.89,US,1712849192
561,camocim,-2.9022,-40.8411,29.61,71,98,1.61,BR,1712849458
562,santiago del torno,-17.9833,-63.3833,23.1,93,100,2.88,BO,1712849458
563,karachi,24.9056,67.0822,26.9,61,1,2.57,PK,1712849458
564,portrush,55.1959,-6.6493,16.93,65,100,4.92,GB,1712849458
565,gidam,18.9833,81.4,25.1,48,58,1.83,IN,1712849458
566,nema,57.5067,50.5011,12.14,91,100,6.67,RU,1712849458
567,palmer,42.1584,-72.3287,11.4,82,100,2.57,US,1712849459
568,morehead city,34.7229,-76.726,21.0,85,100,6.26,US,1712849429
569,oroqen zizhiqi,50.5667,123.7167,4.16,73,95,1.26,CN,1712849459
570,sucua,-2.4667,-78.1667,29.05,55,44,2.19,EC,1712849459
571,westport,41.1415,-73.3579,13.03,92,100,6.17,US,1712849214
572,kingston,17.997,-76.7936,31.53,66,20,9.77,JM,1712849436
573,beyneu,45.3167,55.2,14.19,54,1,9.46,KZ,1712849459
574,sokoni,-6.4333,39.55,28.87,79,12,5.28,TZ,1712849460
575,inhambane,-23.865,35.3833,23.99,78,75,6.17,MZ,1712849460
576,ludus,46.4833,24.1,26.33,27,0,2.57,RO,1712849460
577,haiku-pauwela,20.9219,-156.3051,23.36,83,0,4.02,US,1712849460
578,bisbee,31.4482,-109.9284,18.92,22,0,2.68,US,1712849460
579,dul'durga,50.6761,113.5931,4.77,59,63,2.65,RU,1712849460
